{"cameraMode":{"drawMode":0,"name":"Shaded","section":"Shading Mode"},"sceneLighting":true,"audioPlay":false,"sceneViewState":{"m_AlwaysRefresh":false,"showFog":true,"showSkybox":true,"showFlares":true,"showImageEffects":true,"showParticleSystems":true,"showVisualEffectGraphs":true,"m_FxEnabled":true},"in2DMode":false,"pivot":{"x":0.1670166403055191,"y":-5.07484245300293,"z":16.39712905883789},"rotation":{"x":0.18819229304790498,"y":0.013255414552986622,"z":-0.002675214782357216,"w":0.9822005033493042},"size":9.115148544311524,"orthographic":false}